"0","# Calculate the margin of error"
"0","margin_error <- t_value * sd_diff"
"0",""
"0","ci_lower <- o_mean_diff - margin_error"
"0","ci_upper <- o_mean_diff + margin_error"
"0",""
"0","# Output the confidence interval"
"0","list(lower_bound = ci_lower, upper_bound = ci_upper)"
"1","$lower_bound
"
"1","[1]"
"1"," -41.44125"
"1","
"
"1","
"
"1","$upper_bound
"
"1","[1]"
"1"," 87.10625"
"1","
"
"1","
"
"0","ci_lower"
"1","[1]"
"1"," -41.44125"
"1","
"
"0","ci_upper"
"1","[1]"
"1"," 87.10625"
"1","
"
